series,t_seconds,value
primary,0.000,0.000000
primary,668.618,0.992576
primary,950.598,0.992201
primary,1749.831,0.992248
primary,3694.032,0.992576
primary,3841.187,0.992483
primary,5808.949,0.992436
primary,5954.812,0.992576
primary,6095.715,0.992483
primary,7426.311,0.992436
primary,8221.465,0.992576
primary,8477.637,0.992201
primary,8549.321,0.992248
primary,9096.751,0.992576
primary,9222.659,0.992483
primary,9462.522,0.992295
primary,9920.149,0.992576
primary,10211.246,0.992201
primary,12242.543,0.992248
primary,13426.214,0.992576
primary,13556.966,0.992483
primary,13762.195,0.992248
primary,14894.209,0.992576
primary,15167.431,0.992201
spillover,0.000,0.992576
spillover,8.042,0.992436
spillover,17.773,0.992373
spillover,23.356,0.744274
spillover,34.092,0.793873
spillover,40.550,0.826952
spillover,49.678,0.850584
spillover,52.973,0.868289
spillover,64.328,0.868268
spillover,71.898,0.868273
spillover,78.801,0.868279
spillover,83.164,0.882072
spillover,90.357,0.992331
spillover,99.271,0.992342
spillover,107.374,0.992358
spillover,117.304,0.992377
spillover,125.802,0.992377
spillover,130.200,0.992363
spillover,136.619,0.992358
spillover,139.151,0.992378
spillover,146.488,0.992373
spillover,158.118,0.992384
spillover,161.123,0.992363
spillover,170.940,0.992347
spillover,178.744,0.992331
spillover,186.937,0.992316
spillover,192.004,0.992321
spillover,200.064,0.992295
spillover,207.519,0.992289
spillover,214.234,0.992295
spillover,217.820,0.992323
spillover,224.621,0.992326
spillover,232.674,0.992316
spillover,239.268,0.992326
spillover,245.815,0.992318
spillover,253.514,0.992331
spillover,260.412,0.992347
spillover,262.816,0.992332
spillover,273.210,0.992337
spillover,278.111,0.992311
spillover,284.034,0.992309
spillover,288.298,0.992323
spillover,297.113,0.992332
spillover,305.565,0.992332
spillover,313.336,0.992356
spillover,324.119,0.992377
spillover,330.695,0.992378
spillover,334.702,0.992363
spillover,344.169,0.992365
spillover,347.601,0.992378
spillover,354.011,0.992373
spillover,366.401,0.992389
spillover,370.784,0.992363
spillover,379.754,0.992347
spillover,386.411,0.992331
spillover,396.919,0.992324
spillover,403.574,0.992321
spillover,415.115,0.992282
spillover,424.403,0.992289
spillover,432.492,0.992295
spillover,435.097,0.992330
spillover,442.850,0.992324
spillover,451.528,0.992324
spillover,458.913,0.992336
spillover,466.734,0.992330
spillover,473.919,0.992331
spillover,482.870,0.992347
spillover,485.122,0.992331
spillover,493.113,0.992337
spillover,498.182,0.992311
spillover,505.202,0.992311
spillover,508.982,0.992323
spillover,518.714,0.992332
spillover,530.761,0.992342
spillover,539.209,0.992358
spillover,550.351,0.992377
spillover,560.898,0.992382
spillover,563.281,0.992365
spillover,572.842,0.992355
spillover,576.164,0.992371
spillover,582.816,0.992377
spillover,595.912,0.992389
spillover,601.095,0.992348
spillover,613.941,0.992342
spillover,621.915,0.992324
spillover,629.259,0.992324
spillover,636.787,0.992302
spillover,644.561,0.850527
spillover,654.427,0.868253
spillover,662.291,0.850539
spillover,674.347,0.850533
spillover,684.601,0.850533
spillover,689.173,0.868258
spillover,697.297,0.850539
spillover,703.851,0.868263
spillover,712.624,0.992318
spillover,715.801,0.992301
spillover,726.596,0.992307
spillover,733.963,0.992311
spillover,742.580,0.992311
spillover,745.794,0.992331
spillover,754.315,0.992331
spillover,762.117,0.992342
spillover,771.088,0.992358
spillover,783.083,0.992377
spillover,790.074,0.992377
spillover,793.145,0.992363
spillover,803.320,0.992365
spillover,806.351,0.992371
spillover,813.403,0.992373
spillover,830.580,0.992389
spillover,834.614,0.992348
spillover,845.637,0.992342
spillover,853.970,0.992335
spillover,862.400,0.992324
spillover,866.233,0.992324
spillover,874.861,0.992282
spillover,884.893,0.992289
spillover,894.003,0.992277
spillover,896.137,0.992330
spillover,906.793,0.992324
spillover,915.188,0.992324
spillover,922.995,0.992336
spillover,930.463,0.992330
spillover,937.015,0.992342
spillover,943.877,0.992347
spillover,958.215,0.992322
spillover,972.151,0.992328
spillover,979.412,0.992335
spillover,982.658,0.992348
spillover,990.179,0.992348
spillover,999.377,0.992362
spillover,1008.390,0.992375
spillover,1019.784,0.992375
spillover,1029.224,0.992377
spillover,1033.765,0.992365
spillover,1043.715,0.992355
spillover,1047.913,0.992371
spillover,1054.942,0.992377
spillover,1064.197,0.992389
spillover,1068.444,0.992348
spillover,1078.637,0.992347
spillover,1091.435,0.992324
spillover,1101.472,0.992324
spillover,1106.225,0.992324
spillover,1115.604,0.992282
spillover,1126.104,0.992268
spillover,1138.959,0.992287
spillover,1144.374,0.992328
spillover,1150.991,0.992324
spillover,1158.610,0.992324
spillover,1164.241,0.992336
spillover,1171.236,0.868289
spillover,1177.863,0.868299
spillover,1185.130,0.882086
spillover,1189.323,0.882072
spillover,1200.143,0.882077
spillover,1210.148,0.882054
spillover,1217.235,0.882054
spillover,1222.782,0.882072
spillover,1231.178,0.882072
spillover,1239.302,0.992342
spillover,1250.567,0.992375
spillover,1262.524,0.992375
spillover,1269.395,0.992377
spillover,1272.918,0.992365
spillover,1284.258,0.992355
spillover,1287.693,0.992371
spillover,1294.887,0.992377
spillover,1307.892,0.992389
spillover,1312.381,0.992348
spillover,1324.390,0.992342
spillover,1331.561,0.992324
spillover,1340.229,0.992324
spillover,1347.740,0.992302
spillover,1354.280,0.992295
spillover,1361.872,0.992289
spillover,1370.784,0.992277
spillover,1373.136,0.992330
spillover,1380.496,0.992326
spillover,1388.736,0.992316
spillover,1394.951,0.992326
spillover,1401.773,0.992326
spillover,1407.443,0.992328
spillover,1415.618,0.992347
spillover,1419.348,0.992332
spillover,1428.231,0.992337
spillover,1434.170,0.992311
spillover,1441.952,0.992311
spillover,1445.226,0.992323
spillover,1454.546,0.992332
spillover,1465.503,0.992342
spillover,1473.169,0.992358
spillover,1483.252,0.992377
spillover,1492.230,0.992377
spillover,1498.781,0.992365
spillover,1504.825,0.992365
spillover,1508.102,0.992371
spillover,1518.955,0.992377
spillover,1529.965,0.992389
spillover,1532.729,0.992363
spillover,1547.099,0.992342
spillover,1558.414,0.992324
spillover,1568.577,0.992303
spillover,1572.407,0.992302
spillover,1584.969,0.992282
spillover,1598.930,0.992287
spillover,1608.637,0.992287
spillover,1611.701,0.992328
spillover,1620.125,0.992335
spillover,1630.697,0.992335
spillover,1636.664,0.992342
spillover,1643.545,0.992330
spillover,1652.964,0.992342
spillover,1659.719,0.992348
spillover,1663.337,0.992331
spillover,1671.867,0.992307
spillover,1677.792,0.992311
spillover,1684.945,0.992311
spillover,1689.616,0.992323
spillover,1700.612,0.992331
spillover,1707.652,0.992342
spillover,1723.469,0.992375
spillover,1733.769,0.992375
spillover,1742.966,0.992382
spillover,1754.675,0.992373
spillover,1760.210,0.992389
spillover,1765.704,0.992395
spillover,1779.470,0.992409
spillover,1784.892,0.992362
spillover,1802.824,0.992355
spillover,1812.023,0.992335
spillover,1821.139,0.992303
spillover,1826.659,0.992287
spillover,1834.118,0.992282
spillover,1840.593,0.992268
spillover,1849.846,0.992295
spillover,1853.408,0.992330
spillover,1864.078,0.992324
spillover,1872.945,0.992324
spillover,1882.445,0.992336
spillover,1891.988,0.992330
spillover,1899.262,0.992342
spillover,1905.308,0.992348
spillover,1909.917,0.992330
spillover,1918.985,0.992307
spillover,1929.259,0.992313
spillover,1936.652,0.992318
spillover,1941.151,0.992331
spillover,1948.904,0.992331
spillover,1958.261,0.992342
spillover,1970.846,0.992375
spillover,1982.894,0.992375
spillover,1990.951,0.992382
spillover,1996.074,0.992365
spillover,2006.377,0.992355
spillover,2011.223,0.992375
spillover,2019.350,0.992382
spillover,2029.794,0.992389
spillover,2034.007,0.992348
spillover,2044.985,0.992342
spillover,2055.448,0.992324
spillover,2069.641,0.992328
spillover,2075.501,0.992302
spillover,2086.203,0.992282
spillover,2096.182,0.992287
spillover,2105.060,0.992287
spillover,2108.368,0.992328
spillover,2117.933,0.992335
spillover,2127.110,0.992324
spillover,2135.023,0.992336
spillover,2141.442,0.992330
spillover,2149.902,0.992342
spillover,2155.780,0.992347
spillover,2158.816,0.992331
spillover,2170.118,0.992307
spillover,2178.043,0.992313
spillover,2184.971,0.992311
spillover,2188.944,0.992331
spillover,2198.419,0.992331
spillover,2211.758,0.992342
spillover,2219.882,0.992375
spillover,2231.965,0.992375
spillover,2240.598,0.992382
spillover,2243.846,0.992365
spillover,2250.503,0.992355
spillover,2255.264,0.992371
spillover,2264.735,0.992377
spillover,2275.517,0.992389
spillover,2281.114,0.992348
spillover,2291.746,0.992347
spillover,2299.263,0.992331
spillover,2309.072,0.992324
spillover,2314.580,0.992324
spillover,2323.715,0.992295
spillover,2331.653,0.992289
spillover,2338.566,0.992277
spillover,2342.147,0.992330
spillover,2351.839,0.992324
spillover,2361.095,0.992324
spillover,2369.659,0.992336
spillover,2377.001,0.992330
spillover,2382.288,0.992331
spillover,2390.337,0.992347
spillover,2394.468,0.992331
spillover,2403.690,0.992307
spillover,2412.911,0.992313
spillover,2420.683,0.992311
spillover,2426.582,0.992331
spillover,2432.397,0.992331
spillover,2440.168,0.992342
spillover,2448.869,0.992358
spillover,2462.349,0.992377
spillover,2474.251,0.992382
spillover,2478.548,0.992365
spillover,2484.877,0.992365
spillover,2487.917,0.992371
spillover,2498.426,0.992377
spillover,2514.190,0.992375
spillover,2519.608,0.992348
spillover,2527.231,0.992342
spillover,2538.138,0.992324
spillover,2547.902,0.992328
spillover,2556.765,0.992302
spillover,2566.301,0.992282
spillover,2575.344,0.992268
spillover,2583.914,0.992295
spillover,2588.107,0.992328
spillover,2595.486,0.992324
spillover,2605.131,0.992324
spillover,2609.942,0.992336
spillover,2615.428,0.992326
spillover,2622.073,0.992331
spillover,2628.151,0.992347
spillover,2631.532,0.992332
spillover,2638.392,0.992337
spillover,2644.638,0.992337
spillover,2654.124,0.992309
spillover,2657.232,0.992323
spillover,2666.157,0.992332
spillover,2674.961,0.992332
spillover,2686.227,0.992358
spillover,2697.875,0.992377
spillover,2706.488,0.992382
spillover,2709.765,0.992365
spillover,2717.853,0.992355
spillover,2721.848,0.992371
spillover,2728.299,0.992377
spillover,2740.567,0.992389
spillover,2745.172,0.992363
spillover,2753.900,0.992347
spillover,2761.990,0.992331
spillover,2769.124,0.992316
spillover,2773.559,0.992321
spillover,2781.942,0.992295
spillover,2792.395,0.992289
spillover,2801.621,0.992277
spillover,2804.822,0.992311
spillover,2813.585,0.992326
spillover,2822.873,0.992324
spillover,2828.927,0.992326
spillover,2835.105,0.992330
spillover,2841.550,0.992331
spillover,2846.979,0.992347
spillover,2856.165,0.992331
spillover,2866.852,0.992307
spillover,2873.776,0.992313
spillover,2882.052,0.992311
spillover,2886.247,0.992331
spillover,2894.188,0.992331
spillover,2904.659,0.992342
spillover,2912.006,0.992354
spillover,2922.836,0.992377
spillover,2928.893,0.992377
spillover,2933.406,0.992363
spillover,2943.459,0.992365
spillover,2947.639,0.992371
spillover,2954.985,0.992377
spillover,2966.151,0.992389
spillover,2971.210,0.992363
spillover,2984.097,0.992342
spillover,2991.159,0.992324
spillover,2999.742,0.992324
spillover,3008.746,0.992302
spillover,3019.218,0.992282
spillover,3027.926,0.992268
spillover,3037.267,0.992295
spillover,3042.911,0.992330
spillover,3049.731,0.992324
spillover,3059.955,0.992335
spillover,3068.981,0.992342
spillover,3076.889,0.992330
spillover,3083.789,0.992342
spillover,3089.173,0.992348
spillover,3091.509,0.992331
spillover,3099.305,0.992337
spillover,3105.923,0.992311
spillover,3116.179,0.992311
spillover,3121.718,0.992331
spillover,3129.176,0.992331
spillover,3140.357,0.992342
spillover,3148.140,0.992358
spillover,3160.969,0.992375
spillover,3170.467,0.992382
spillover,3174.510,0.992365
spillover,3183.569,0.992355
spillover,3187.283,0.992371
spillover,3195.953,0.992377
spillover,3205.584,0.992389
spillover,3210.705,0.992348
spillover,3219.241,0.992347
spillover,3225.985,0.992331
spillover,3232.953,0.992316
spillover,3238.134,0.992321
spillover,3245.928,0.992316
spillover,3253.815,0.992300
spillover,3260.701,0.992295
spillover,3262.159,0.992323
spillover,3267.823,0.992309
spillover,3277.511,0.992318
spillover,3285.867,0.992318
spillover,3292.930,0.992318
spillover,3300.430,0.992331
spillover,3306.549,0.992347
spillover,3308.692,0.992332
spillover,3317.261,0.992337
spillover,3324.705,0.992311
spillover,3332.958,0.992311
spillover,3337.746,0.992331
spillover,3347.667,0.992331
spillover,3355.903,0.992342
spillover,3365.841,0.992358
spillover,3376.729,0.992377
spillover,3381.711,0.992377
spillover,3384.943,0.992365
spillover,3393.728,0.992365
spillover,3397.660,0.992378
spillover,3405.881,0.992373
spillover,3418.277,0.992389
spillover,3422.340,0.992363
spillover,3432.401,0.992347
spillover,3438.338,0.992331
spillover,3447.043,0.992324
spillover,3450.875,0.992321
spillover,3457.235,0.992316
spillover,3464.554,0.992300
spillover,3471.927,0.992295
spillover,3479.602,0.992311
spillover,3486.186,0.992326
spillover,3494.531,0.992316
spillover,3501.828,0.992326
spillover,3508.381,0.992326
spillover,3514.548,0.992331
spillover,3521.213,0.992347
spillover,3523.637,0.992332
spillover,3534.092,0.992337
spillover,3542.428,0.992311
spillover,3548.242,0.992311
spillover,3550.875,0.992323
spillover,3557.330,0.992332
spillover,3564.735,0.992332
spillover,3574.454,0.992356
spillover,3587.618,0.992377
spillover,3593.885,0.992378
spillover,3597.368,0.992363
spillover,3603.820,0.992358
spillover,3606.892,0.992370
spillover,3615.960,0.992373
spillover,3630.012,0.992389
spillover,3634.097,0.992363
spillover,3645.970,0.992347
spillover,3653.276,0.992331
spillover,3660.447,0.992324
spillover,3665.977,0.992324
spillover,3671.170,0.992295
spillover,3680.299,0.992289
spillover,3687.683,0.992295
spillover,3697.411,0.992295
spillover,3706.940,0.992283
spillover,3713.796,0.992295
spillover,3721.580,0.992295
spillover,3729.261,0.992301
spillover,3735.344,0.992318
spillover,3739.366,0.992305
spillover,3748.813,0.992307
spillover,3759.201,0.992313
spillover,3769.224,0.992318
spillover,3775.225,0.992330
spillover,3782.096,0.992342
spillover,3793.256,0.992342
spillover,3803.806,0.992375
spillover,3812.505,0.992375
spillover,3818.958,0.992377
spillover,3825.330,0.992365
spillover,3834.485,0.992365
spillover,3846.737,0.992362
spillover,3860.156,0.992375
spillover,3863.542,0.992348
spillover,3872.422,0.992330
spillover,3878.716,0.992313
spillover,3888.316,0.992302
spillover,3895.043,0.992302
spillover,3904.584,0.992295
spillover,3910.819,0.992289
spillover,3918.565,0.992295
spillover,3921.770,0.992311
spillover,3929.757,0.992326
spillover,3937.117,0.992316
spillover,3945.611,0.992326
spillover,3954.230,0.992326
spillover,3961.684,0.992331
spillover,3969.941,0.992347
spillover,3973.099,0.992331
spillover,3982.570,0.992307
spillover,3988.548,0.992311
spillover,3997.241,0.992318
spillover,4001.743,0.992331
spillover,4008.794,0.992331
spillover,4017.005,0.992342
spillover,4025.911,0.992358
spillover,4036.296,0.992377
spillover,4045.132,0.992377
spillover,4048.786,0.992365
spillover,4055.673,0.992358
spillover,4059.209,0.992378
spillover,4066.461,0.992373
spillover,4079.570,0.992389
spillover,4083.767,0.992363
spillover,4094.436,0.992347
spillover,4101.013,0.992331
spillover,4110.185,0.992324
spillover,4116.297,0.992324
spillover,4124.871,0.992295
spillover,4132.471,0.992289
spillover,4140.052,0.992277
spillover,4144.593,0.992330
spillover,4153.972,0.992326
spillover,4163.537,0.992324
spillover,4170.805,0.992336
spillover,4179.302,0.992330
spillover,4187.163,0.992342
spillover,4195.111,0.992348
spillover,4198.829,0.992331
spillover,4206.033,0.992307
spillover,4210.847,0.992311
spillover,4220.625,0.992311
spillover,4225.343,0.992331
spillover,4233.784,0.992331
spillover,4243.715,0.992342
spillover,4252.626,0.992358
spillover,4262.683,0.992377
spillover,4271.773,0.992382
spillover,4274.034,0.992365
spillover,4281.166,0.992365
spillover,4286.620,0.992371
spillover,4296.176,0.992377
spillover,4309.204,0.992389
spillover,4313.738,0.992348
spillover,4324.705,0.992342
spillover,4336.184,0.992335
spillover,4344.912,0.992328
spillover,4350.723,0.992302
spillover,4359.834,0.992282
spillover,4368.748,0.992289
spillover,4376.128,0.992295
spillover,4380.004,0.992330
spillover,4388.407,0.992324
spillover,4396.292,0.992324
spillover,4401.251,0.992326
spillover,4407.393,0.992326
spillover,4413.308,0.992331
spillover,4422.404,0.992347
spillover,4424.921,0.992332
spillover,4435.512,0.992337
spillover,4444.808,0.992311
spillover,4452.098,0.992311
spillover,4455.693,0.992323
spillover,4465.299,0.992331
spillover,4473.785,0.992342
spillover,4483.918,0.992354
spillover,4494.106,0.992377
spillover,4501.765,0.992377
spillover,4505.653,0.992365
spillover,4515.727,0.992355
spillover,4520.190,0.992371
spillover,4529.594,0.992377
spillover,4539.096,0.992389
spillover,4546.918,0.992348
spillover,4553.169,0.992347
spillover,4562.527,0.992324
spillover,4571.336,0.992324
spillover,4578.640,0.992324
spillover,4588.496,0.992295
spillover,4597.611,0.992289
spillover,4606.111,0.992277
spillover,4608.771,0.992330
spillover,4615.380,0.992324
spillover,4626.658,0.992324
spillover,4632.385,0.992336
spillover,4642.256,0.992330
spillover,4652.321,0.992342
spillover,4659.050,0.992348
spillover,4662.269,0.992331
spillover,4669.969,0.992307
spillover,4675.110,0.992311
spillover,4682.969,0.992311
spillover,4687.004,0.992331
spillover,4696.119,0.992331
spillover,4703.423,0.992342
spillover,4710.455,0.992356
spillover,4723.863,0.992377
spillover,4730.322,0.992377
spillover,4735.831,0.992365
spillover,4744.579,0.992365
spillover,4748.547,0.992371
spillover,4755.920,0.992373
spillover,4767.108,0.992389
spillover,4771.777,0.992348
spillover,4781.315,0.992347
spillover,4790.020,0.992331
spillover,4800.937,0.992324
spillover,4804.601,0.992324
spillover,4818.238,0.992282
spillover,4829.346,0.992268
spillover,4838.762,0.992295
spillover,4841.390,0.992328
spillover,4851.151,0.992335
spillover,4860.985,0.992335
spillover,4868.950,0.992342
spillover,4877.484,0.992330
spillover,4888.835,0.992342
spillover,4896.420,0.992348
spillover,4899.129,0.992330
spillover,4907.986,0.992307
spillover,4916.123,0.992313
spillover,4923.959,0.992318
spillover,4927.851,0.992331
spillover,4934.505,0.992331
spillover,4943.927,0.992342
spillover,4951.676,0.992358
spillover,4964.349,0.992377
spillover,4970.549,0.992377
spillover,4974.545,0.992363
spillover,4981.342,0.992358
spillover,4984.067,0.992378
spillover,4992.355,0.992373
spillover,5010.988,0.992389
spillover,5018.520,0.992348
spillover,5027.791,0.992342
spillover,5037.795,0.992335
spillover,5048.681,0.992303
spillover,5055.231,0.992287
spillover,5062.552,0.992282
spillover,5074.425,0.992268
spillover,5082.257,0.992295
spillover,5087.287,0.992330
spillover,5096.468,0.992324
spillover,5104.338,0.992324
spillover,5110.826,0.992336
spillover,5118.298,0.992330
spillover,5126.713,0.992342
spillover,5131.865,0.992347
spillover,5134.904,0.992331
spillover,5145.442,0.992337
spillover,5150.003,0.992311
spillover,5157.014,0.992311
spillover,5160.641,0.992323
spillover,5168.493,0.992332
spillover,5176.549,0.992332
spillover,5185.270,0.992356
spillover,5195.811,0.992377
spillover,5200.235,0.992378
spillover,5204.233,0.992365
spillover,5213.036,0.992358
spillover,5216.377,0.992370
spillover,5222.617,0.992373
spillover,5234.006,0.992384
spillover,5238.328,0.992363
spillover,5249.078,0.992347
spillover,5257.165,0.992331
spillover,5264.129,0.992316
spillover,5270.071,0.992321
spillover,5278.057,0.992295
spillover,5286.761,0.992289
spillover,5293.008,0.992295
spillover,5296.180,0.992311
spillover,5303.759,0.992326
spillover,5312.528,0.992316
spillover,5319.122,0.992326
spillover,5326.082,0.992326
spillover,5332.620,0.992331
spillover,5338.335,0.992347
spillover,5341.614,0.992332
spillover,5348.648,0.992337
spillover,5354.138,0.992337
spillover,5361.297,0.992309
spillover,5365.071,0.992323
spillover,5371.730,0.992325
spillover,5382.178,0.992332
spillover,5390.799,0.992356
spillover,5403.866,0.992377
spillover,5408.490,0.992378
spillover,5412.777,0.992363
spillover,5420.118,0.992358
spillover,5424.665,0.992378
spillover,5434.129,0.992377
spillover,5446.858,0.992389
spillover,5449.578,0.992363
spillover,5463.300,0.992347
spillover,5470.096,0.992324
spillover,5478.567,0.992324
spillover,5485.764,0.992302
spillover,5495.094,0.992282
spillover,5502.035,0.992289
spillover,5511.941,0.992295
spillover,5515.114,0.992330
spillover,5524.123,0.992324
spillover,5533.955,0.992324
spillover,5541.546,0.992336
spillover,5547.575,0.992330
spillover,5553.899,0.992331
spillover,5559.886,0.992347
spillover,5563.790,0.992331
spillover,5572.253,0.992337
spillover,5579.098,0.992311
spillover,5589.337,0.992311
spillover,5593.347,0.992323
spillover,5599.665,0.992332
spillover,5609.554,0.992342
spillover,5617.495,0.992358
spillover,5627.109,0.992377
spillover,5634.678,0.992377
spillover,5637.518,0.992363
spillover,5646.086,0.992358
spillover,5650.385,0.992378
spillover,5657.731,0.992373
spillover,5668.106,0.992384
spillover,5671.327,0.992363
spillover,5680.241,0.992347
spillover,5688.758,0.992331
spillover,5695.780,0.992316
spillover,5701.172,0.992321
spillover,5711.004,0.992295
spillover,5719.811,0.992289
spillover,5726.057,0.992295
spillover,5730.768,0.992311
spillover,5739.779,0.992326
spillover,5749.916,0.992324
spillover,5759.713,0.992336
spillover,5767.630,0.992330
spillover,5773.159,0.992342
spillover,5780.534,0.992348
spillover,5783.051,0.992331
spillover,5790.310,0.992337
spillover,5795.348,0.992311
spillover,5802.145,0.992311
spillover,5816.477,0.992321
spillover,5824.958,0.992321
spillover,5833.475,0.992348
spillover,5842.363,0.992348
spillover,5849.345,0.992371
spillover,5853.283,0.992354
spillover,5862.658,0.992355
spillover,5866.290,0.992371
spillover,5874.888,0.992373
spillover,5887.441,0.992389
spillover,5892.661,0.992363
spillover,5904.035,0.992342
spillover,5911.810,0.992324
spillover,5920.312,0.992324
spillover,5924.056,0.992324
spillover,5932.101,0.992295
spillover,5940.483,0.992289
spillover,5948.164,0.992277
spillover,5965.486,0.992288
spillover,5975.597,0.992288
spillover,5984.778,0.992303
spillover,5992.761,0.992303
spillover,5998.503,0.992308
spillover,6004.072,0.992315
spillover,6006.875,0.992301
spillover,6014.825,0.992307
spillover,6021.776,0.992311
spillover,6028.379,0.992311
spillover,6032.131,0.992323
spillover,6040.468,0.992332
spillover,6049.334,0.992332
spillover,6058.545,0.992358
spillover,6068.482,0.992377
spillover,6076.157,0.992377
spillover,6078.723,0.992363
spillover,6088.938,0.992365
spillover,6099.328,0.992359
spillover,6117.672,0.992375
spillover,6122.657,0.992328
spillover,6138.607,0.992311
spillover,6150.299,0.992314
spillover,6159.786,0.992286
spillover,6164.872,0.992287
spillover,6172.214,0.992282
spillover,6179.813,0.992268
spillover,6187.672,0.992295
spillover,6191.459,0.992330
spillover,6199.041,0.992324
spillover,6209.047,0.992316
spillover,6218.080,0.992326
spillover,6224.575,0.992326
spillover,6231.455,0.992331
spillover,6238.671,0.992347
spillover,6243.391,0.992331
spillover,6250.873,0.992337
spillover,6257.484,0.992311
spillover,6264.475,0.992311
spillover,6269.492,0.992331
spillover,6280.347,0.992331
spillover,6288.949,0.992342
spillover,6299.173,0.992354
spillover,6312.480,0.992375
spillover,6321.540,0.992382
spillover,6325.189,0.992375
spillover,6334.561,0.992355
spillover,6338.408,0.992371
spillover,6347.318,0.992377
spillover,6355.972,0.992389
spillover,6361.734,0.992348
spillover,6376.211,0.992342
spillover,6384.284,0.992324
spillover,6394.240,0.992324
spillover,6399.077,0.992302
spillover,6405.642,0.992295
spillover,6414.490,0.992289
spillover,6422.243,0.992295
spillover,6425.583,0.992330
spillover,6432.427,0.992326
spillover,6440.421,0.992316
spillover,6447.815,0.992326
spillover,6453.843,0.992318
spillover,6459.886,0.992331
spillover,6466.074,0.992347
spillover,6469.224,0.992332
spillover,6479.792,0.992337
spillover,6484.828,0.992337
spillover,6493.342,0.992311
spillover,6498.457,0.992323
spillover,6506.242,0.992332
spillover,6516.288,0.992342
spillover,6527.102,0.992354
spillover,6542.083,0.992375
spillover,6551.061,0.992382
spillover,6554.872,0.992375
spillover,6570.085,0.992358
spillover,6572.699,0.992375
spillover,6577.408,0.992382
spillover,6588.765,0.992375
spillover,6592.768,0.992348
spillover,6605.569,0.992342
spillover,6614.982,0.992335
spillover,6622.077,0.992324
spillover,6626.916,0.992321
spillover,6636.991,0.992295
spillover,6646.596,0.992289
spillover,6654.723,0.992295
spillover,6656.730,0.992330
spillover,6663.213,0.992326
spillover,6673.974,0.992316
spillover,6678.755,0.992326
spillover,6685.442,0.992326
spillover,6692.609,0.992331
spillover,6701.630,0.992347
spillover,6705.197,0.992332
spillover,6712.782,0.992337
spillover,6718.074,0.992311
spillover,6725.644,0.992311
spillover,6729.676,0.992323
spillover,6736.075,0.992332
spillover,6743.700,0.992332
spillover,6751.474,0.992356
spillover,6761.521,0.992361
spillover,6770.172,0.992378
spillover,6772.584,0.992365
spillover,6779.704,0.992358
spillover,6782.813,0.992370
spillover,6791.118,0.992373
spillover,6808.360,0.992389
spillover,6811.089,0.992363
spillover,6823.613,0.992342
spillover,6834.909,0.992335
spillover,6845.712,0.992303
spillover,6853.025,0.992287
spillover,6862.027,0.992282
spillover,6869.964,0.992268
spillover,6877.117,0.992295
spillover,6879.386,0.992330
spillover,6886.744,0.992324
spillover,6897.042,0.992324
spillover,6905.173,0.992326
spillover,6912.069,0.992326
spillover,6918.999,0.992331
spillover,6925.140,0.992347
spillover,6927.198,0.992332
spillover,6935.316,0.992337
spillover,6944.691,0.992311
spillover,6952.603,0.992311
spillover,6954.870,0.992323
spillover,6962.843,0.992332
spillover,6969.909,0.992332
spillover,6978.818,0.992356
spillover,6989.761,0.992377
spillover,6996.079,0.992377
spillover,7000.116,0.992363
spillover,7006.250,0.992358
spillover,7010.460,0.992370
spillover,7021.005,0.992373
spillover,7034.070,0.992389
spillover,7038.822,0.992348
spillover,7051.522,0.992342
spillover,7060.871,0.992335
spillover,7070.670,0.992303
spillover,7074.865,0.992302
spillover,7084.133,0.992282
spillover,7092.735,0.992289
spillover,7100.692,0.992295
spillover,7103.901,0.992330
spillover,7118.218,0.992324
spillover,7126.747,0.992324
spillover,7137.945,0.992342
spillover,7146.634,0.992342
spillover,7155.457,0.992342
spillover,7161.629,0.992349
spillover,7164.147,0.992295
spillover,7174.992,0.992307
spillover,7180.082,0.992313
spillover,7187.615,0.992318
spillover,7190.818,0.992331
spillover,7197.441,0.992332
spillover,7207.281,0.992342
spillover,7214.748,0.992356
spillover,7242.070,0.992381
spillover,7249.563,0.992397
spillover,7254.135,0.992365
spillover,7262.096,0.992358
spillover,7265.538,0.992375
spillover,7272.501,0.992382
spillover,7283.212,0.992375
spillover,7287.244,0.992348
spillover,7297.614,0.992347
spillover,7305.854,0.992331
spillover,7312.918,0.992316
spillover,7316.889,0.992321
spillover,7324.930,0.992316
spillover,7336.616,0.992289
spillover,7351.041,0.992295
spillover,7353.557,0.992330
spillover,7360.253,0.992324
spillover,7370.396,0.992324
spillover,7375.573,0.992336
spillover,7381.384,0.992330
spillover,7387.763,0.992342
spillover,7395.025,0.992347
spillover,7398.122,0.992331
spillover,7406.029,0.992337
spillover,7412.379,0.992337
spillover,7419.624,0.992309
spillover,7430.404,0.992321
spillover,7440.065,0.992321
spillover,7448.535,0.992348
spillover,7459.892,0.992369
spillover,7465.989,0.992371
spillover,7471.053,0.992354
spillover,7478.099,0.992348
spillover,7482.946,0.992371
spillover,7490.510,0.992377
spillover,7500.443,0.992389
spillover,7504.947,0.992363
spillover,7513.344,0.992347
spillover,7522.255,0.992331
spillover,7532.398,0.992324
spillover,7537.205,0.992321
spillover,7545.440,0.992295
spillover,7555.529,0.992289
spillover,7563.903,0.992277
spillover,7567.618,0.992330
spillover,7579.077,0.992324
spillover,7589.737,0.992324
spillover,7595.880,0.992336
spillover,7604.789,0.992330
spillover,7610.011,0.992342
spillover,7616.256,0.992348
spillover,7618.716,0.992331
spillover,7627.902,0.992307
spillover,7632.641,0.992311
spillover,7638.960,0.992309
spillover,7643.139,0.992323
spillover,7650.356,0.992332
spillover,7657.641,0.992332
spillover,7668.154,0.992356
spillover,7681.632,0.992377
spillover,7690.674,0.992377
spillover,7693.296,0.992365
spillover,7699.064,0.992365
spillover,7702.208,0.992378
spillover,7708.354,0.992373
spillover,7724.481,0.992389
spillover,7727.646,0.992363
spillover,7735.497,0.992347
spillover,7744.783,0.992331
spillover,7751.493,0.992316
spillover,7757.038,0.992321
spillover,7764.603,0.992295
spillover,7774.247,0.992289
spillover,7785.220,0.992277
spillover,7790.848,0.992330
spillover,7796.984,0.992324
spillover,7805.326,0.992324
spillover,7813.874,0.992336
spillover,7821.996,0.992330
spillover,7828.135,0.992342
spillover,7835.896,0.992348
spillover,7839.572,0.992331
spillover,7848.818,0.992337
spillover,7855.004,0.992311
spillover,7868.662,0.992318
spillover,7873.688,0.992331
spillover,7881.166,0.992331
spillover,7888.674,0.992342
spillover,7899.187,0.992354
spillover,7911.151,0.992375
spillover,7915.648,0.992382
spillover,7918.611,0.992365
spillover,7925.555,0.992358
spillover,7929.831,0.992378
spillover,7936.659,0.992373
spillover,7947.213,0.992384
spillover,7950.335,0.992363
spillover,7954.997,0.992361
spillover,7962.677,0.992337
spillover,7973.489,0.992323
spillover,7979.957,0.992321
spillover,7989.183,0.992316
spillover,7998.018,0.992289
spillover,8004.967,0.992295
spillover,8007.171,0.992323
spillover,8014.556,0.992326
spillover,8026.061,0.992324
spillover,8032.288,0.992326
spillover,8038.862,0.992326
spillover,8046.024,0.992331
spillover,8051.735,0.992347
spillover,8055.142,0.992332
spillover,8064.052,0.992337
spillover,8072.353,0.992311
spillover,8081.359,0.992311
spillover,8085.596,0.992323
spillover,8093.225,0.992331
spillover,8101.090,0.992342
spillover,8108.352,0.992358
spillover,8117.447,0.992377
spillover,8124.552,0.992377
spillover,8130.101,0.992363
spillover,8136.727,0.992358
spillover,8139.463,0.992370
spillover,8145.308,0.992379
spillover,8160.826,0.992384
spillover,8165.047,0.992363
spillover,8174.336,0.992347
spillover,8179.866,0.992331
spillover,8187.167,0.992316
spillover,8191.543,0.992321
spillover,8199.934,0.992295
spillover,8206.814,0.992289
spillover,8215.478,0.992295
spillover,8226.347,0.992295
spillover,8236.452,0.992283
spillover,8245.579,0.992295
spillover,8251.752,0.992295
spillover,8258.518,0.992301
spillover,8266.196,0.992318
spillover,8268.959,0.992301
spillover,8276.526,0.992307
spillover,8280.492,0.992311
spillover,8289.545,0.992311
spillover,8292.601,0.992323
spillover,8300.474,0.992332
spillover,8308.005,0.992332
spillover,8314.253,0.992356
spillover,8321.929,0.992361
spillover,8329.894,0.992378
spillover,8334.696,0.992365
spillover,8341.547,0.992358
spillover,8344.732,0.992370
spillover,8352.152,0.992379
spillover,8365.122,0.992384
spillover,8368.228,0.992363
spillover,8376.804,0.992347
spillover,8386.406,0.992331
spillover,8394.804,0.992324
spillover,8399.508,0.992321
spillover,8409.344,0.992295
spillover,8416.810,0.992289
spillover,8428.943,0.992295
spillover,8432.587,0.992330
spillover,8438.618,0.992324
spillover,8446.517,0.992324
spillover,8452.779,0.992326
spillover,8459.796,0.992330
spillover,8465.357,0.992331
spillover,8471.603,0.992347
spillover,8481.126,0.992352
spillover,8489.584,0.992352
spillover,8496.124,0.992321
spillover,8499.417,0.992337
spillover,8511.849,0.992347
spillover,8521.165,0.992359
spillover,8528.757,0.992377
spillover,8537.447,0.992377
spillover,8543.068,0.992377
spillover,8553.011,0.992371
spillover,8556.922,0.992395
spillover,8564.389,0.992389
spillover,8576.445,0.992401
spillover,8579.339,0.992373
spillover,8589.933,0.992359
spillover,8598.896,0.992342
spillover,8608.713,0.992324
spillover,8614.009,0.992324
spillover,8622.040,0.992295
spillover,8628.481,0.992289
spillover,8636.016,0.992295
spillover,8639.102,0.992311
spillover,8648.142,0.992326
spillover,8656.642,0.992316
spillover,8662.786,0.992326
spillover,8671.182,0.992326
spillover,8679.269,0.992331
spillover,8685.114,0.992347
spillover,8687.342,0.992332
spillover,8699.403,0.992307
spillover,8704.667,0.992311
spillover,8711.219,0.992311
spillover,8716.341,0.992323
spillover,8723.357,0.992331
spillover,8733.474,0.992342
spillover,8742.918,0.992358
spillover,8753.612,0.992377
spillover,8759.832,0.992377
spillover,8763.965,0.992363
spillover,8770.291,0.992358
spillover,8772.839,0.992378
spillover,8779.611,0.992373
spillover,8792.812,0.992384
spillover,8798.258,0.992363
spillover,8810.123,0.992347
spillover,8819.522,0.992331
spillover,8827.118,0.992324
spillover,8833.997,0.992302
spillover,8844.520,0.992282
spillover,8855.196,0.992268
spillover,8864.720,0.992295
spillover,8866.869,0.992330
spillover,8874.551,0.992324
spillover,8882.973,0.992324
spillover,8887.388,0.992336
spillover,8893.390,0.992326
spillover,8900.456,0.992331
spillover,8907.315,0.992347
spillover,8911.050,0.992332
spillover,8916.979,0.992337
spillover,8925.587,0.992337
spillover,8934.660,0.992311
spillover,8938.342,0.992323
spillover,8944.467,0.992332
spillover,8952.474,0.992332
spillover,8961.078,0.992358
spillover,8973.812,0.992377
spillover,8981.364,0.992377
spillover,8984.613,0.992363
spillover,8992.002,0.992358
spillover,8998.770,0.992371
spillover,9006.161,0.992377
spillover,9024.452,0.992375
spillover,9029.378,0.992348
spillover,9039.593,0.992342
spillover,9050.608,0.992335
spillover,9057.848,0.992328
spillover,9063.710,0.992302
spillover,9071.157,0.992282
spillover,9080.371,0.992289
spillover,9090.971,0.992295
spillover,9103.704,0.992288
spillover,9112.731,0.992288
spillover,9119.630,0.992302
spillover,9129.779,0.992295
spillover,9136.179,0.992308
spillover,9142.235,0.992315
spillover,9145.905,0.992301
spillover,9153.076,0.992307
spillover,9158.660,0.992311
spillover,9165.948,0.992311
spillover,9168.440,0.992323
spillover,9175.093,0.992332
spillover,9181.754,0.992332
spillover,9189.189,0.992346
spillover,9197.775,0.992361
spillover,9204.996,0.992361
spillover,9208.777,0.992365
spillover,9215.849,0.992356
spillover,9228.035,0.992368
spillover,9238.164,0.992371
spillover,9242.193,0.992348
spillover,9251.139,0.992330
spillover,9258.425,0.992313
spillover,9265.613,0.992295
spillover,9269.926,0.992301
spillover,9277.799,0.992295
spillover,9284.449,0.992300
spillover,9292.546,0.992295
spillover,9296.028,0.992323
spillover,9301.761,0.992309
spillover,9308.799,0.992318
spillover,9313.022,0.992318
spillover,9318.895,0.992318
spillover,9325.860,0.992328
spillover,9330.764,0.992337
spillover,9332.992,0.992325
spillover,9339.876,0.992338
spillover,9345.297,0.992338
spillover,9351.321,0.992334
spillover,9354.188,0.992342
spillover,9361.666,0.992322
spillover,9368.897,0.992333
spillover,9375.900,0.992346
spillover,9384.908,0.992359
spillover,9391.771,0.992361
spillover,9396.413,0.992365
spillover,9407.744,0.992358
spillover,9412.557,0.992378
spillover,9420.646,0.992373
spillover,9428.869,0.992384
spillover,9432.014,0.992363
spillover,9440.253,0.992347
spillover,9447.514,0.992331
spillover,9455.667,0.992316
spillover,9468.494,0.992318
spillover,9480.757,0.992288
spillover,9490.554,0.992275
spillover,9494.248,0.992335
spillover,9501.746,0.992328
spillover,9513.885,0.992328
spillover,9520.386,0.992342
spillover,9527.907,0.992330
spillover,9535.644,0.992342
spillover,9542.808,0.992348
spillover,9545.062,0.992331
spillover,9553.973,0.992337
spillover,9558.976,0.992311
spillover,9566.056,0.992311
spillover,9568.308,0.992323
spillover,9575.579,0.992332
spillover,9586.639,0.992332
spillover,9594.998,0.992356
spillover,9609.761,0.992377
spillover,9619.092,0.992382
spillover,9623.653,0.992365
spillover,9630.465,0.992355
spillover,9634.969,0.992371
spillover,9642.854,0.992377
spillover,9653.809,0.992389
spillover,9658.421,0.992348
spillover,9666.410,0.992347
spillover,9671.936,0.992331
spillover,9681.317,0.992316
spillover,9684.857,0.992321
spillover,9694.662,0.992316
spillover,9702.155,0.992300
spillover,9708.459,0.992295
spillover,9710.934,0.992323
spillover,9719.696,0.992326
spillover,9727.985,0.992316
spillover,9734.886,0.992326
spillover,9741.141,0.992318
spillover,9747.185,0.992331
spillover,9754.728,0.992347
spillover,9758.469,0.992332
spillover,9766.865,0.992337
spillover,9774.951,0.992311
spillover,9781.221,0.992311
spillover,9784.201,0.992323
spillover,9794.135,0.992332
spillover,9804.206,0.992342
spillover,9811.097,0.992358
spillover,9819.478,0.992377
spillover,9826.790,0.992378
spillover,9829.172,0.992363
spillover,9835.775,0.992358
spillover,9839.979,0.992370
spillover,9846.144,0.992373
spillover,9856.856,0.992384
spillover,9862.061,0.992361
spillover,9870.199,0.992361
spillover,9876.605,0.992337
spillover,9885.789,0.992323
spillover,9891.562,0.992321
spillover,9899.523,0.992316
spillover,9905.613,0.992300
spillover,9914.112,0.992295
spillover,9927.213,0.992295
spillover,9937.356,0.992288
spillover,9945.174,0.992295
spillover,9953.427,0.992295
spillover,9960.309,0.992308
spillover,9966.156,0.992315
spillover,9969.675,0.992301
spillover,9977.804,0.992307
spillover,9982.824,0.992311
spillover,9990.866,0.992311
spillover,9993.929,0.992323
spillover,9999.368,0.992332
spillover,10011.700,0.992332
spillover,10020.755,0.992358
spillover,10031.639,0.992377
spillover,10038.734,0.992377
spillover,10043.169,0.992365
spillover,10050.612,0.992358
spillover,10054.607,0.992371
spillover,10063.253,0.992377
spillover,10078.407,0.992389
spillover,10081.435,0.992348
spillover,10096.794,0.992342
spillover,10106.825,0.992335
spillover,10117.686,0.992303
spillover,10124.123,0.992287
spillover,10132.737,0.992282
spillover,10142.290,0.992287
spillover,10153.729,0.992295
spillover,10156.902,0.992328
spillover,10163.924,0.992324
spillover,10174.146,0.992324
spillover,10181.096,0.992336
spillover,10191.308,0.992330
spillover,10200.014,0.992342
spillover,10205.381,0.992348
spillover,10216.192,0.992354
spillover,10226.636,0.992328
spillover,10237.596,0.992335
spillover,10241.484,0.992349
spillover,10251.420,0.992362
spillover,10261.178,0.992362
spillover,10267.801,0.992375
spillover,10276.098,0.992377
spillover,10282.575,0.992377
spillover,10285.721,0.992363
spillover,10291.865,0.992358
spillover,10295.260,0.992370
spillover,10302.605,0.992373
spillover,10316.320,0.992384
spillover,10319.925,0.992361
spillover,10327.766,0.992361
spillover,10334.463,0.992337
spillover,10343.782,0.992316
spillover,10350.852,0.992321
spillover,10357.246,0.992295
spillover,10365.807,0.992289
spillover,10374.198,0.992295
spillover,10377.885,0.992311
spillover,10384.952,0.992326
spillover,10399.133,0.992324
spillover,10405.087,0.992336
spillover,10412.878,0.992330
spillover,10418.841,0.992342
spillover,10425.477,0.992347
spillover,10427.999,0.992331
spillover,10435.431,0.992337
spillover,10440.654,0.992311
spillover,10448.679,0.992311
spillover,10454.120,0.992323
spillover,10460.008,0.992332
spillover,10468.358,0.992332
spillover,10478.640,0.992356
spillover,10490.296,0.992377
spillover,10497.382,0.992377
spillover,10501.171,0.992365
spillover,10509.566,0.992365
spillover,10512.511,0.992378
spillover,10520.542,0.992377
spillover,10557.061,0.992373
spillover,10561.074,0.992334
spillover,10571.765,0.992361
spillover,10578.074,0.992314
spillover,10584.139,0.992286
spillover,10587.534,0.992287
spillover,10594.661,0.992282
spillover,10602.558,0.992289
spillover,10607.564,0.992295
spillover,10611.402,0.992323
spillover,10618.222,0.992309
spillover,10629.225,0.992318
spillover,10636.285,0.992318
spillover,10644.326,0.992326
spillover,10650.727,0.992331
spillover,10656.513,0.992347
spillover,10658.745,0.992332
spillover,10666.239,0.992337
spillover,10671.771,0.992311
spillover,10681.135,0.992311
spillover,10684.285,0.992323
spillover,10691.463,0.992332
spillover,10702.895,0.992332
spillover,10711.549,0.992358
spillover,10720.104,0.992377
spillover,10726.863,0.992377
spillover,10730.049,0.992363
spillover,10736.794,0.992358
spillover,10741.095,0.992370
spillover,10751.583,0.992377
spillover,10762.803,0.992384
spillover,10766.658,0.992363
spillover,10780.417,0.992342
spillover,10788.812,0.992324
spillover,10799.208,0.992328
spillover,10803.867,0.992302
spillover,10810.677,0.992295
spillover,10821.276,0.992289
spillover,10828.580,0.992295
spillover,10831.707,0.992330
spillover,10839.825,0.992326
spillover,10849.729,0.992324
spillover,10855.374,0.992326
spillover,10862.413,0.992326
spillover,10869.197,0.992331
spillover,10875.028,0.992347
spillover,10877.381,0.992332
spillover,10885.375,0.992337
spillover,10889.857,0.992337
spillover,10898.280,0.992309
spillover,10902.387,0.992323
spillover,10910.153,0.992332
spillover,10919.161,0.992332
spillover,10925.475,0.992356
spillover,10934.630,0.992361
spillover,10942.866,0.992378
spillover,10946.309,0.992363
spillover,10953.669,0.992358
spillover,10957.772,0.992370
spillover,10963.301,0.992373
spillover,10974.565,0.992384
spillover,10980.200,0.992363
spillover,10986.919,0.992347
spillover,10996.798,0.992331
spillover,11003.049,0.992316
spillover,11008.179,0.992321
spillover,11014.674,0.992316
spillover,11020.954,0.992300
spillover,11028.847,0.992295
spillover,11032.215,0.992323
spillover,11039.796,0.992309
spillover,11049.401,0.992316
spillover,11054.233,0.992318
spillover,11060.276,0.992318
spillover,11066.483,0.992328
spillover,11072.321,0.992337
spillover,11075.532,0.992332
spillover,11084.330,0.992337
spillover,11089.868,0.992337
spillover,11096.934,0.992309
spillover,11100.210,0.992323
spillover,11106.681,0.992325
spillover,11117.699,0.992332
spillover,11127.074,0.992358
spillover,11137.076,0.992377
spillover,11143.600,0.992378
spillover,11148.280,0.992363
spillover,11157.554,0.992365
spillover,11160.216,0.992371
spillover,11167.284,0.992377
spillover,11178.223,0.992389
spillover,11181.574,0.992363
spillover,11191.963,0.992347
spillover,11198.311,0.992331
spillover,11204.798,0.992316
spillover,11211.183,0.992321
spillover,11221.044,0.992295
spillover,11229.012,0.992289
spillover,11237.505,0.992295
spillover,11239.886,0.992311
spillover,11248.206,0.992326
spillover,11257.189,0.992316
spillover,11262.501,0.992326
spillover,11268.798,0.992326
spillover,11275.110,0.992331
spillover,11283.098,0.992347
spillover,11286.684,0.992332
spillover,11294.259,0.992337
spillover,11297.535,0.992337
spillover,11307.070,0.992309
spillover,11312.177,0.992323
spillover,11320.373,0.992332
spillover,11330.684,0.992342
spillover,11340.765,0.992358
spillover,11350.605,0.992377
spillover,11356.972,0.992377
spillover,11360.205,0.992365
spillover,11366.836,0.992358
spillover,11369.523,0.992378
spillover,11376.647,0.992373
spillover,11391.222,0.992389
spillover,11395.840,0.992363
spillover,11404.636,0.992347
spillover,11410.176,0.992337
spillover,11417.729,0.992316
spillover,11422.788,0.992321
spillover,11429.606,0.992295
spillover,11437.876,0.992289
spillover,11444.808,0.992295
spillover,11447.961,0.992323
spillover,11455.966,0.992326
spillover,11465.808,0.992316
spillover,11472.213,0.992326
spillover,11477.694,0.992318
spillover,11483.230,0.992331
spillover,11491.480,0.992347
spillover,11495.577,0.992332
spillover,11504.283,0.992337
spillover,11509.240,0.992311
spillover,11519.401,0.992311
spillover,11523.801,0.992323
spillover,11530.779,0.992332
spillover,11538.052,0.992342
spillover,11549.290,0.992358
spillover,11558.735,0.992377
spillover,11567.158,0.992377
spillover,11571.151,0.992365
spillover,11579.026,0.992358
spillover,11582.954,0.992378
spillover,11590.704,0.992373
spillover,11605.453,0.992389
spillover,11608.725,0.992363
spillover,11624.086,0.992342
spillover,11631.688,0.992335
spillover,11639.408,0.992328
spillover,11646.103,0.992302
spillover,11657.369,0.992282
spillover,11663.077,0.992289
spillover,11671.193,0.992295
spillover,11674.399,0.992330
spillover,11683.485,0.992326
spillover,11697.613,0.992324
spillover,11703.243,0.992336
spillover,11712.022,0.992330
spillover,11720.472,0.992342
spillover,11733.467,0.992349
spillover,11735.871,0.992295
spillover,11744.255,0.992308
spillover,11748.479,0.992313
spillover,11754.575,0.992311
spillover,11758.462,0.992331
spillover,11765.088,0.992331
spillover,11774.951,0.992342
spillover,11786.442,0.992358
spillover,11801.113,0.992377
spillover,11806.824,0.992377
spillover,11809.608,0.992365
spillover,11818.035,0.992365
spillover,11820.903,0.992371
spillover,11827.621,0.992377
spillover,11837.050,0.992389
spillover,11842.296,0.992363
spillover,11851.971,0.992347
spillover,11858.072,0.992337
spillover,11865.896,0.992323
spillover,11871.133,0.992321
spillover,11880.697,0.992316
spillover,11890.236,0.992289
spillover,11899.601,0.992277
spillover,11904.175,0.992330
spillover,11910.236,0.992326
spillover,11920.537,0.992324
spillover,11925.863,0.992326
spillover,11932.312,0.992330
spillover,11937.715,0.992331
spillover,11946.633,0.992347
spillover,11950.051,0.992332
spillover,11957.435,0.992337
spillover,11966.220,0.992311
spillover,11971.939,0.992311
spillover,11975.014,0.992323
spillover,11981.005,0.992332
spillover,11987.528,0.992332
spillover,11999.272,0.992358
spillover,12011.549,0.992377
spillover,12019.137,0.992377
spillover,12023.569,0.992363
spillover,12030.789,0.992358
spillover,12035.887,0.992371
spillover,12042.165,0.992377
spillover,12052.614,0.992389
spillover,12055.499,0.992363
spillover,12064.818,0.992347
spillover,12070.918,0.992337
spillover,12079.033,0.992323
spillover,12085.604,0.992321
spillover,12094.525,0.992316
spillover,12105.658,0.992289
spillover,12114.665,0.992277
spillover,12117.896,0.992330
spillover,12125.731,0.992324
spillover,12135.679,0.992324
spillover,12142.804,0.992336
spillover,12149.094,0.992330
spillover,12157.917,0.992342
spillover,12163.812,0.992347
spillover,12167.666,0.992331
spillover,12177.555,0.992337
spillover,12185.347,0.992311
spillover,12192.598,0.992311
spillover,12195.481,0.992323
spillover,12201.213,0.992332
spillover,12208.600,0.992332
spillover,12216.233,0.992356
spillover,12229.412,0.992377
spillover,12235.811,0.992378
spillover,12247.785,0.992371
spillover,12253.442,0.992395
spillover,12262.397,0.992395
spillover,12280.149,0.992397
spillover,12283.237,0.992362
spillover,12292.210,0.992355
spillover,12300.855,0.992335
spillover,12307.566,0.992324
spillover,12310.730,0.992324
spillover,12319.080,0.992295
spillover,12326.909,0.992289
spillover,12335.769,0.992295
spillover,12338.842,0.992323
spillover,12349.580,0.992326
spillover,12358.298,0.992316
spillover,12364.749,0.992326
spillover,12373.040,0.992330
spillover,12377.893,0.992331
spillover,12383.384,0.992347
spillover,12385.984,0.992332
spillover,12394.551,0.992337
spillover,12398.950,0.992311
spillover,12408.530,0.992309
spillover,12411.676,0.992323
spillover,12420.810,0.992332
spillover,12431.614,0.992332
spillover,12441.162,0.992358
spillover,12451.314,0.992377
spillover,12457.914,0.992377
spillover,12460.994,0.992365
spillover,12467.249,0.992358
spillover,12471.484,0.992378
spillover,12483.327,0.992377
spillover,12495.308,0.992389
spillover,12500.326,0.992363
spillover,12508.928,0.992347
spillover,12516.160,0.992331
spillover,12523.776,0.992324
spillover,12529.288,0.992324
spillover,12537.601,0.992295
spillover,12546.654,0.992289
spillover,12554.806,0.992295
spillover,12560.333,0.992330
spillover,12566.894,0.992326
spillover,12575.417,0.992316
spillover,12581.425,0.992326
spillover,12586.783,0.992326
spillover,12591.256,0.992331
spillover,12599.451,0.992347
spillover,12604.465,0.992332
spillover,12614.575,0.992337
spillover,12621.653,0.992311
spillover,12629.773,0.992311
spillover,12633.549,0.992323
spillover,12641.843,0.992331
spillover,12654.421,0.992342
spillover,12664.986,0.992375
spillover,12673.994,0.992377
spillover,12679.287,0.992377
spillover,12683.495,0.992365
spillover,12690.259,0.992365
spillover,12694.112,0.992371
spillover,12703.079,0.992377
spillover,12717.088,0.992389
spillover,12719.447,0.992363
spillover,12732.359,0.992347
spillover,12739.246,0.992331
spillover,12747.459,0.992324
spillover,12754.554,0.992302
spillover,12760.113,0.992295
spillover,12768.712,0.992289
spillover,12777.832,0.992277
spillover,12781.823,0.992330
spillover,12786.816,0.992326
spillover,12801.486,0.992324
spillover,12807.014,0.992326
spillover,12812.833,0.992326
spillover,12819.098,0.992331
spillover,12825.196,0.992347
spillover,12827.433,0.992332
spillover,12835.294,0.992337
spillover,12841.831,0.992311
spillover,12850.577,0.992311
spillover,12853.188,0.992323
spillover,12860.262,0.992325
spillover,12866.506,0.992333
spillover,12873.206,0.992356
spillover,12880.116,0.992361
spillover,12886.559,0.992361
spillover,12889.933,0.992365
spillover,12897.268,0.992356
spillover,12900.096,0.992367
spillover,12908.902,0.992372
spillover,12921.504,0.992384
spillover,12926.245,0.992361
spillover,12934.443,0.992347
spillover,12941.774,0.992331
spillover,12950.785,0.992324
spillover,12955.388,0.992321
spillover,12962.170,0.992295
spillover,12970.681,0.992289
spillover,12978.841,0.992295
spillover,12982.702,0.992311
spillover,12992.313,0.992326
spillover,13002.369,0.992324
spillover,13010.175,0.992326
spillover,13016.913,0.992330
spillover,13024.944,0.992342
spillover,13030.466,0.992347
spillover,13032.761,0.992331
spillover,13039.380,0.992337
spillover,13044.678,0.992311
spillover,13051.979,0.992309
spillover,13056.563,0.992323
spillover,13063.730,0.992332
spillover,13073.849,0.992332
spillover,13082.237,0.992356
spillover,13090.705,0.992358
spillover,13096.703,0.992378
spillover,13099.541,0.992363
spillover,13106.032,0.992358
spillover,13109.606,0.992370
spillover,13117.388,0.992373
spillover,13127.849,0.992384
spillover,13132.313,0.992361
spillover,13141.043,0.992361
spillover,13147.250,0.992337
spillover,13159.357,0.992316
spillover,13165.620,0.992321
spillover,13177.029,0.992295
spillover,13186.565,0.992289
spillover,13196.130,0.992295
spillover,13198.796,0.992330
spillover,13207.908,0.992335
spillover,13218.354,0.992324
spillover,13229.071,0.992342
spillover,13233.819,0.992330
spillover,13238.631,0.992342
spillover,13244.864,0.992347
spillover,13247.166,0.992331
spillover,13255.014,0.992337
spillover,13259.008,0.992311
spillover,13265.560,0.992309
spillover,13269.757,0.992323
spillover,13277.272,0.992325
spillover,13284.813,0.992333
spillover,13292.863,0.992346
spillover,13304.722,0.992361
spillover,13316.659,0.992377
spillover,13321.907,0.992365
spillover,13328.748,0.992365
spillover,13332.511,0.992371
spillover,13342.450,0.992377
spillover,13355.758,0.992375
spillover,13360.128,0.992348
spillover,13369.763,0.992342
spillover,13375.684,0.992331
spillover,13387.501,0.992324
spillover,13391.260,0.992324
spillover,13401.242,0.992295
spillover,13410.561,0.992289
spillover,13420.494,0.992295
spillover,13430.732,0.992288
spillover,13441.381,0.992288
spillover,13449.334,0.992302
spillover,13456.831,0.992295
spillover,13463.494,0.992308
spillover,13468.723,0.992318
spillover,13470.977,0.992301
spillover,13478.148,0.992311
spillover,13482.263,0.992311
spillover,13492.786,0.992311
spillover,13495.652,0.992323
spillover,13503.384,0.992332
spillover,13510.054,0.992332
spillover,13517.668,0.992356
spillover,13529.975,0.992358
spillover,13534.975,0.992378
spillover,13539.489,0.992363
spillover,13550.438,0.992358
spillover,13563.268,0.992359
spillover,13573.684,0.992375
spillover,13577.780,0.992328
spillover,13588.429,0.992330
spillover,13595.576,0.992302
spillover,13605.018,0.992302
spillover,13610.881,0.992302
spillover,13621.813,0.992295
spillover,13632.372,0.992289
spillover,13637.786,0.992295
spillover,13641.239,0.992330
spillover,13650.587,0.992324
spillover,13659.277,0.992324
spillover,13666.839,0.992336
spillover,13673.011,0.992330
spillover,13678.347,0.992331
spillover,13682.577,0.992347
spillover,13686.809,0.992332
spillover,13695.334,0.992337
spillover,13699.846,0.992337
spillover,13707.879,0.992309
spillover,13712.545,0.992323
spillover,13720.708,0.992332
spillover,13728.716,0.992332
spillover,13735.587,0.992356
spillover,13748.600,0.992377
spillover,13755.689,0.992377
spillover,13769.054,0.992382
spillover,13773.246,0.992389
spillover,13779.916,0.992389
spillover,13789.315,0.992409
spillover,13793.336,0.992377
spillover,13808.486,0.992359
spillover,13814.937,0.992342
spillover,13823.050,0.992324
spillover,13827.987,0.992321
spillover,13835.999,0.992295
spillover,13846.167,0.992289
spillover,13854.361,0.992295
spillover,13856.102,0.992330
spillover,13863.495,0.992326
spillover,13871.966,0.992316
spillover,13878.629,0.992326
spillover,13885.053,0.992326
spillover,13891.018,0.992331
spillover,13897.823,0.992347
spillover,13903.831,0.992332
spillover,13911.662,0.992337
spillover,13920.062,0.992311
spillover,13925.979,0.992311
spillover,13929.878,0.992323
spillover,13938.535,0.992332
spillover,13948.261,0.992342
spillover,13957.462,0.992358
spillover,13966.718,0.992377
spillover,13977.036,0.992377
spillover,13979.814,0.992363
spillover,13986.749,0.992365
spillover,13990.041,0.992371
spillover,13997.678,0.992373
spillover,14005.401,0.992384
spillover,14009.892,0.992363
spillover,14016.182,0.992361
spillover,14024.914,0.992337
spillover,14034.885,0.992323
spillover,14041.445,0.992321
spillover,14049.740,0.992316
spillover,14056.361,0.992300
spillover,14064.587,0.992295
spillover,14067.252,0.992311
spillover,14073.374,0.992326
spillover,14082.098,0.992316
spillover,14087.289,0.992326
spillover,14092.032,0.992318
spillover,14100.963,0.992328
spillover,14106.777,0.992337
spillover,14109.339,0.992325
spillover,14117.410,0.992337
spillover,14122.732,0.992338
spillover,14132.112,0.992309
spillover,14135.364,0.992323
spillover,14144.962,0.992332
spillover,14155.141,0.992342
spillover,14164.950,0.992358
spillover,14175.150,0.992377
spillover,14183.336,0.992382
spillover,14186.387,0.992365
spillover,14195.503,0.992355
spillover,14198.445,0.992371
spillover,14205.895,0.992377
spillover,14213.888,0.992384
spillover,14216.419,0.992363
spillover,14226.231,0.992347
spillover,14237.672,0.992331
spillover,14244.082,0.992316
spillover,14247.780,0.992321
spillover,14254.655,0.992314
spillover,14264.062,0.992300
spillover,14272.255,0.992295
spillover,14275.513,0.992311
spillover,14282.590,0.992326
spillover,14290.994,0.992316
spillover,14297.032,0.992318
spillover,14301.849,0.992318
spillover,14309.118,0.992331
spillover,14315.359,0.992347
spillover,14318.736,0.992332
spillover,14327.962,0.992337
spillover,14333.704,0.992337
spillover,14342.623,0.992311
spillover,14347.417,0.992323
spillover,14353.440,0.992332
spillover,14360.216,0.992332
spillover,14368.512,0.992356
spillover,14381.419,0.992377
spillover,14388.072,0.992377
spillover,14391.245,0.992363
spillover,14401.901,0.992358
spillover,14404.552,0.992378
spillover,14410.791,0.992373
spillover,14419.797,0.992384
spillover,14424.669,0.992363
spillover,14438.141,0.992347
spillover,14446.608,0.992331
spillover,14454.061,0.992324
spillover,14458.217,0.992321
spillover,14463.498,0.992316
spillover,14471.610,0.992289
spillover,14478.972,0.992295
spillover,14481.767,0.992311
spillover,14489.910,0.992326
spillover,14499.451,0.992316
spillover,14505.708,0.992318
spillover,14513.072,0.992318
spillover,14518.118,0.992328
spillover,14523.833,0.992347
spillover,14526.815,0.992332
spillover,14536.652,0.992337
spillover,14542.487,0.992311
spillover,14548.224,0.992309
spillover,14551.397,0.992323
spillover,14559.342,0.992325
spillover,14567.576,0.992332
spillover,14581.005,0.992358
spillover,14591.359,0.992377
spillover,14597.683,0.992377
spillover,14602.168,0.992363
spillover,14609.479,0.992365
spillover,14612.437,0.992371
spillover,14620.002,0.992377
spillover,14629.610,0.992389
spillover,14634.380,0.992363
spillover,14647.072,0.992347
spillover,14655.099,0.992331
spillover,14662.502,0.992324
spillover,14665.677,0.992321
spillover,14671.909,0.992316
spillover,14679.807,0.992300
spillover,14687.692,0.992295
spillover,14692.959,0.992311
spillover,14700.873,0.992326
spillover,14707.253,0.992316
spillover,14714.399,0.992318
spillover,14721.792,0.992318
spillover,14728.654,0.992331
spillover,14733.986,0.992347
spillover,14737.563,0.992332
spillover,14745.547,0.992337
spillover,14752.723,0.992337
spillover,14761.508,0.992311
spillover,14764.802,0.992323
spillover,14773.125,0.992332
spillover,14781.363,0.992332
spillover,14791.894,0.992358
spillover,14799.405,0.992377
spillover,14804.880,0.992378
spillover,14809.043,0.992363
spillover,14816.124,0.992358
spillover,14819.148,0.992370
spillover,14826.549,0.992373
spillover,14837.710,0.992384
spillover,14842.675,0.992363
spillover,14848.770,0.992361
spillover,14855.629,0.992337
spillover,14861.364,0.992323
spillover,14864.795,0.992321
spillover,14872.910,0.992314
spillover,14880.380,0.992300
spillover,14888.131,0.992295
spillover,14900.277,0.992279
spillover,14909.594,0.992283
spillover,14914.226,0.992290
spillover,14919.927,0.992290
spillover,14926.797,0.992301
spillover,14937.192,0.992318
spillover,14941.543,0.992301
spillover,14948.712,0.992307
spillover,14952.487,0.992311
spillover,14960.692,0.992311
spillover,14964.889,0.992323
spillover,14971.072,0.992332
spillover,14984.143,0.992342
spillover,14997.760,0.992354
spillover,15007.860,0.992377
spillover,15017.319,0.992382
spillover,15021.146,0.992375
spillover,15028.373,0.992355
spillover,15032.240,0.992375
spillover,15039.848,0.992377
spillover,15050.976,0.992389
spillover,15055.027,0.992363
spillover,15062.913,0.992347
spillover,15068.507,0.992331
spillover,15076.507,0.992323
spillover,15082.548,0.992321
spillover,15091.867,0.992316
spillover,15100.776,0.992289
spillover,15109.664,0.992295
spillover,15113.575,0.992311
spillover,15121.153,0.992326
spillover,15130.529,0.992324
spillover,15137.619,0.992336
spillover,15145.616,0.992330
spillover,15154.122,0.992342
spillover,15161.326,0.992348
spillover,15171.433,0.992354
spillover,15197.576,0.992342
spillover,15205.018,0.992334
spillover,15208.807,0.992365
spillover,15215.361,0.992365
spillover,15222.692,0.992358
spillover,15228.654,0.992375
spillover,15240.755,0.992375
spillover,15251.316,0.992377
spillover,15255.483,0.992363
spillover,15266.049,0.992365
spillover,15268.609,0.992378
spillover,15277.006,0.992377
spillover,15288.932,0.992375
spillover,15292.756,0.992348
spillover,15302.968,0.992342
spillover,15310.274,0.992331
spillover,15318.580,0.992324
spillover,15322.663,0.992321
spillover,15327.285,0.992316
spillover,15336.265,0.992300
spillover,15344.530,0.992295
spillover,15347.871,0.992323
spillover,15354.867,0.992326
spillover,15363.945,0.992316
spillover,15370.722,0.992326
spillover,15378.029,0.992318
spillover,15384.116,0.992331
spillover,15393.032,0.992347
spillover,15396.168,0.992332
spillover,15404.699,0.992337
spillover,15410.433,0.992311
spillover,15416.125,0.992311
spillover,15420.770,0.992323
spillover,15430.398,0.992332
spillover,15437.365,0.992332
spillover,15446.477,0.992358
spillover,15456.810,0.992377
spillover,15462.992,0.992378
spillover,15467.264,0.992363
spillover,15474.599,0.992358
spillover,15478.615,0.992378
spillover,15486.110,0.992373
spillover,15496.346,0.992384
spillover,15501.651,0.992363
spillover,15508.027,0.992347
spillover,15513.412,0.992337
spillover,15519.924,0.992323
spillover,15524.302,0.992314
spillover,15530.554,0.992314
spillover,15538.003,0.992318
spillover,15544.168,0.992304
spillover,15546.418,0.992323
spillover,15552.828,0.992321
spillover,15560.347,0.992303
spillover,15566.272,0.992321
spillover,15571.405,0.992312
spillover,15577.550,0.992321
spillover,15586.919,0.992337
spillover,15590.569,0.992332
spillover,15602.020,0.992337
spillover,15607.656,0.992311
spillover,15616.039,0.992311
spillover,15620.968,0.992331
spillover,15626.099,0.992332
spillover,15634.280,0.992342
spillover,15641.955,0.992358
spillover,15651.359,0.992377
spillover,15657.120,0.992378
spillover,15660.561,0.992365
spillover,15668.591,0.992358
spillover,15671.570,0.992370
spillover,15678.617,0.992379
spillover,15686.709,0.992384
spillover,15691.297,0.992361
spillover,15701.945,0.992361
spillover,15710.025,0.992337
spillover,15716.812,0.992323
spillover,15721.728,0.992321
spillover,15731.046,0.992316
spillover,15740.366,0.992289
spillover,15746.816,0.992277
spillover,15750.830,0.992311
spillover,15762.771,0.992324
spillover,15777.844,0.992335
spillover,15783.785,0.992342
spillover,15791.054,0.992342
