series,minute_center,count
proactive (primary),0.500,1
proactive (primary),1.500,0
proactive (primary),2.500,0
proactive (primary),3.500,0
proactive (primary),4.500,0
proactive (primary),5.500,0
proactive (primary),6.500,0
proactive (primary),7.500,0
proactive (primary),8.500,0
proactive (primary),9.500,0
proactive (primary),10.500,0
proactive (primary),11.500,0
proactive (primary),12.500,0
proactive (primary),13.500,0
proactive (primary),14.500,0
proactive (primary),15.500,0
proactive (primary),16.500,0
proactive (primary),17.500,0
proactive (primary),18.500,0
proactive (primary),19.500,0
proactive (primary),20.500,1
proactive (primary),21.500,0
proactive (primary),22.500,0
proactive (primary),23.500,0
proactive (primary),24.500,0
proactive (primary),25.500,0
proactive (primary),26.500,0
proactive (primary),27.500,0
proactive (primary),28.500,0
proactive (primary),29.500,0
proactive (primary),30.500,0
proactive (primary),31.500,0
proactive (primary),32.500,0
proactive (primary),33.500,0
proactive (primary),34.500,0
proactive (primary),35.500,0
proactive (primary),36.500,0
proactive (primary),37.500,0
proactive (primary),38.500,0
proactive (primary),39.500,0
proactive (primary),40.500,0
proactive (primary),41.500,0
proactive (primary),42.500,0
proactive (primary),43.500,0
proactive (primary),44.500,0
proactive (primary),45.500,0
proactive (primary),46.500,0
proactive (primary),47.500,1
proactive (primary),48.500,0
proactive (primary),49.500,0
proactive (primary),50.500,0
proactive (primary),51.500,0
proactive (primary),52.500,0
proactive (primary),53.500,0
proactive (primary),54.500,1
proactive (primary),55.500,0
proactive (primary),56.500,0
proactive (primary),57.500,0
proactive (primary),58.500,0
proactive (primary),59.500,0
proactive (primary),60.500,0
proactive (primary),61.500,0
proactive (primary),62.500,0
proactive (primary),63.500,0
proactive (primary),64.500,0
proactive (primary),65.500,0
proactive (primary),66.500,0
proactive (primary),67.500,0
proactive (primary),68.500,0
proactive (primary),69.500,0
proactive (primary),70.500,0
proactive (primary),71.500,0
proactive (primary),72.500,0
proactive (primary),73.500,0
proactive (primary),74.500,0
proactive (primary),75.500,0
proactive (primary),76.500,0
proactive (primary),77.500,0
proactive (primary),78.500,0
proactive (primary),79.500,0
proactive (primary),80.500,1
proactive (primary),81.500,0
proactive (primary),82.500,0
proactive (primary),83.500,0
proactive (primary),84.500,0
proactive (primary),85.500,0
proactive (primary),86.500,0
proactive (primary),87.500,0
proactive (primary),88.500,0
proactive (primary),89.500,0
proactive (primary),90.500,0
proactive (primary),91.500,0
proactive (primary),92.500,0
proactive (primary),93.500,0
proactive (primary),94.500,0
proactive (primary),95.500,0
proactive (primary),96.500,0
proactive (primary),97.500,0
proactive (primary),98.500,0
proactive (primary),99.500,0
proactive (primary),100.500,0
proactive (primary),101.500,0
proactive (primary),102.500,0
proactive (primary),103.500,0
proactive (primary),104.500,0
proactive (primary),105.500,0
proactive (primary),106.500,0
proactive (primary),107.500,0
proactive (primary),108.500,0
proactive (primary),109.500,0
proactive (primary),110.500,0
proactive (primary),111.500,0
proactive (primary),112.500,0
proactive (primary),113.500,0
proactive (primary),114.500,0
proactive (primary),115.500,0
proactive (primary),116.500,0
proactive (primary),117.500,0
proactive (primary),118.500,0
proactive (primary),119.500,0
proactive (primary),120.500,1
proactive (primary),121.500,0
proactive (primary),122.500,0
proactive (primary),123.500,0
proactive (primary),124.500,0
proactive (primary),125.500,0
proactive (primary),126.500,0
proactive (primary),127.500,0
proactive (primary),128.500,0
proactive (primary),129.500,0
proactive (primary),130.500,0
proactive (primary),131.500,0
proactive (primary),132.500,0
proactive (primary),133.500,0
proactive (primary),134.500,0
proactive (primary),135.500,0
proactive (primary),136.500,0
proactive (primary),137.500,0
proactive (primary),138.500,0
proactive (primary),139.500,0
proactive (primary),140.500,0
proactive (primary),141.500,0
proactive (primary),142.500,1
proactive (primary),143.500,0
proactive (primary),144.500,0
proactive (primary),145.500,0
proactive (primary),146.500,0
proactive (primary),147.500,0
proactive (primary),148.500,0
proactive (primary),149.500,0
proactive (primary),150.500,0
proactive (primary),151.500,0
proactive (primary),152.500,0
proactive (primary),153.500,0
proactive (primary),154.500,0
proactive (primary),155.500,0
proactive (primary),156.500,0
proactive (primary),157.500,0
proactive (primary),158.500,0
proactive (primary),159.500,0
proactive (primary),160.500,0
proactive (primary),161.500,0
proactive (primary),162.500,0
proactive (primary),163.500,0
proactive (primary),164.500,0
proactive (primary),165.500,0
proactive (primary),166.500,0
proactive (primary),167.500,1
proactive (primary),168.500,0
proactive (primary),169.500,0
proactive (primary),170.500,0
proactive (primary),171.500,0
proactive (primary),172.500,0
proactive (primary),173.500,0
proactive (primary),174.500,0
proactive (primary),175.500,0
proactive (primary),176.500,0
proactive (primary),177.500,0
proactive (primary),178.500,0
proactive (primary),179.500,0
proactive (primary),180.500,0
proactive (primary),181.500,0
proactive (primary),182.500,0
proactive (primary),183.500,0
proactive (primary),184.500,0
proactive (primary),185.500,0
proactive (primary),186.500,0
proactive (primary),187.500,0
proactive (primary),188.500,1
proactive (primary),189.500,0
proactive (primary),190.500,0
proactive (primary),191.500,0
proactive (primary),192.500,0
proactive (primary),193.500,0
proactive (primary),194.500,0
proactive (primary),195.500,0
proactive (primary),196.500,0
proactive (primary),197.500,0
proactive (primary),198.500,0
proactive (primary),199.500,0
proactive (primary),200.500,0
proactive (primary),201.500,0
proactive (primary),202.500,0
proactive (primary),203.500,0
proactive (primary),204.500,0
proactive (primary),205.500,0
proactive (primary),206.500,1
proactive (primary),207.500,0
proactive (primary),208.500,0
proactive (primary),209.500,0
proactive (primary),210.500,0
proactive (primary),211.500,0
proactive (primary),212.500,0
proactive (primary),213.500,0
proactive (primary),214.500,0
proactive (primary),215.500,0
proactive (primary),216.500,0
proactive (primary),217.500,0
proactive (primary),218.500,0
proactive (primary),219.500,0
proactive (primary),220.500,0
proactive (primary),221.500,0
proactive (primary),222.500,0
proactive (primary),223.500,0
proactive (primary),224.500,0
proactive (primary),225.500,0
proactive (primary),226.500,0
proactive (primary),227.500,0
proactive (primary),228.500,0
proactive (primary),229.500,0
proactive (primary),230.500,0
proactive (primary),231.500,0
proactive (primary),232.500,0
proactive (primary),233.500,0
proactive (primary),234.500,0
proactive (primary),235.500,0
proactive (primary),236.500,0
proactive (primary),237.500,0
proactive (primary),238.500,0
proactive (primary),239.500,0
proactive (primary),240.500,0
proactive (primary),241.500,0
proactive (primary),242.500,0
proactive (primary),243.500,0
proactive (primary),244.500,0
proactive (primary),245.500,0
proactive (primary),246.500,0
proactive (primary),247.500,0
proactive (primary),248.500,0
proactive (primary),249.500,0
proactive (primary),250.500,0
proactive (primary),251.500,0
proactive (primary),252.500,1
proactive (primary),253.500,0
proactive (primary),254.500,0
proactive (primary),255.500,0
proactive (primary),256.500,0
proactive (primary),257.500,0
proactive (primary),258.500,0
proactive (primary),259.500,0
proactive (primary),260.500,0
proactive (primary),261.500,0
proactive (primary),262.500,0
proactive (primary),263.500,0
proactive (primary),264.500,0
proactive (primary),265.500,0
proactive (primary),266.500,0
proactive (primary),267.500,0
proactive (primary),268.500,0
proactive (primary),269.500,0
proactive (primary),270.500,0
proactive (primary),271.500,0
proactive (primary),272.500,0
proactive (primary),273.500,0
proactive (primary),274.500,0
proactive (primary),275.500,0
proactive (primary),276.500,0
proactive (primary),277.500,0
proactive (primary),278.500,0
proactive (primary),279.500,0
proactive (primary),280.500,0
proactive (primary),281.500,0
proactive (primary),282.500,0
proactive (primary),283.500,0
proactive (primary),284.500,0
proactive (primary),285.500,0
proactive (primary),286.500,0
proactive (primary),287.500,0
proactive (primary),288.500,0
proactive (primary),289.500,0
proactive (primary),290.500,0
proactive (primary),291.500,0
proactive (primary),292.500,0
proactive (primary),293.500,0
proactive (primary),294.500,0
proactive (primary),295.500,0
proactive (primary),296.500,0
proactive (primary),297.500,0
proactive (primary),298.500,0
proactive (primary),299.500,0
proactive (primary),300.500,0
proactive (primary),301.500,0
proactive (primary),302.500,0
proactive (primary),303.500,0
proactive (primary),304.500,0
proactive (primary),305.500,0
proactive (primary),306.500,0
proactive (primary),307.500,0
proactive (primary),308.500,0
proactive (primary),309.500,0
proactive (primary),310.500,0
proactive (primary),311.500,0
proactive (primary),312.500,0
proactive (primary),313.500,0
proactive (primary),314.500,0
proactive (primary),315.500,0
proactive (primary),316.500,0
proactive (primary),317.500,0
proactive (primary),318.500,0
proactive (primary),319.500,0
proactive (primary),320.500,0
proactive (primary),321.500,0
proactive (primary),322.500,0
proactive (primary),323.500,0
proactive (primary),324.500,0
proactive (primary),325.500,0
proactive (primary),326.500,0
proactive (primary),327.500,0
proactive (primary),328.500,0
proactive (primary),329.500,0
proactive (primary),330.500,0
proactive (primary),331.500,0
proactive (primary),332.500,0
proactive (primary),333.500,0
proactive (primary),334.500,0
proactive (primary),335.500,0
proactive (primary),336.500,0
proactive (primary),337.500,0
proactive (primary),338.500,0
proactive (primary),339.500,1
proactive (primary),340.500,0
proactive (primary),341.500,0
proactive (primary),342.500,0
proactive (primary),343.500,0
proactive (primary),344.500,0
proactive (primary),345.500,0
proactive (primary),346.500,0
proactive (primary),347.500,0
proactive (primary),348.500,0
proactive (primary),349.500,0
proactive (primary),350.500,0
proactive (primary),351.500,0
proactive (primary),352.500,0
proactive (primary),353.500,0
proactive (primary),354.500,0
proactive (primary),355.500,0
proactive (primary),356.500,0
proactive (primary),357.500,0
proactive (primary),358.500,0
proactive (primary),359.500,0
proactive (primary),360.500,0
proactive (primary),361.500,0
proactive (primary),362.500,0
proactive (primary),363.500,0
proactive (primary),364.500,0
proactive (primary),365.500,0
proactive (primary),366.500,0
proactive (primary),367.500,0
proactive (primary),368.500,0
proactive (primary),369.500,0
proactive (primary),370.500,0
proactive (primary),371.500,0
proactive (primary),372.500,0
proactive (primary),373.500,0
proactive (primary),374.500,0
proactive (primary),375.500,0
proactive (primary),376.500,1
proactive (primary),377.500,0
proactive (primary),378.500,0
proactive (primary),379.500,0
proactive (primary),380.500,0
proactive (primary),381.500,0
proactive (primary),382.500,0
proactive (primary),383.500,0
proactive (primary),384.500,0
proactive (primary),385.500,0
proactive (primary),386.500,0
proactive (primary),387.500,0
proactive (primary),388.500,0
proactive (primary),389.500,0
proactive (primary),390.500,0
proactive (primary),391.500,0
proactive (primary),392.500,0
proactive (primary),393.500,0
proactive (primary),394.500,0
proactive (primary),395.500,0
proactive (primary),396.500,0
proactive (primary),397.500,0
proactive (primary),398.500,0
proactive (primary),399.500,0
proactive (primary),400.500,0
proactive (primary),401.500,0
proactive (primary),402.500,0
proactive (primary),403.500,0
proactive (primary),404.500,0
proactive (primary),405.500,0
proactive (primary),406.500,0
proactive (primary),407.500,0
proactive (primary),408.500,0
proactive (primary),409.500,0
proactive (primary),410.500,0
proactive (primary),411.500,0
proactive (primary),412.500,1
proactive (primary),413.500,1
proactive (primary),414.500,1
proactive (primary),415.500,1
proactive (primary),416.500,1
proactive (primary),417.500,1
proactive (primary),418.500,1
proactive (primary),419.500,1
proactive (primary),420.500,1
proactive (primary),421.500,1
proactive (primary),422.500,1
proactive (primary),423.500,1
proactive (primary),424.500,1
proactive (primary),425.500,1
proactive (primary),426.500,1
proactive (primary),427.500,1
proactive (primary),428.500,1
proactive (primary),429.500,1
proactive (primary),430.500,1
proactive (primary),431.500,1
proactive (primary),432.500,0
proactive (primary),433.500,1
proactive (primary),434.500,1
proactive (primary),435.500,1
proactive (primary),436.500,1
proactive (primary),437.500,1
proactive (primary),438.500,1
proactive (primary),439.500,0
proactive (primary),440.500,1
proactive (primary),441.500,1
proactive (primary),442.500,1
proactive (primary),443.500,1
proactive (primary),444.500,1
proactive (primary),445.500,1
proactive (primary),446.500,1
proactive (primary),447.500,1
proactive (primary),448.500,0
proactive (primary),449.500,1
proactive (primary),450.500,1
proactive (primary),451.500,1
proactive (primary),452.500,1
proactive (primary),453.500,1
proactive (primary),454.500,1
proactive (primary),455.500,0
proactive (primary),456.500,0
proactive (primary),457.500,1
proactive (primary),458.500,1
proactive (primary),459.500,1
proactive (primary),460.500,0
proactive (primary),461.500,1
proactive (primary),462.500,1
proactive (primary),463.500,1
proactive (primary),464.500,1
proactive (primary),465.500,0
proactive (primary),466.500,1
proactive (primary),467.500,1
proactive (primary),468.500,1
proactive (primary),469.500,1
proactive (primary),470.500,1
proactive (primary),471.500,1
proactive (primary),472.500,1
proactive (primary),473.500,1
proactive (primary),474.500,0
proactive (primary),475.500,1
proactive (primary),476.500,2
proactive (primary),477.500,0
proactive (primary),478.500,1
proactive (primary),479.500,1
proactive (primary),480.500,1
proactive (primary),481.500,1
proactive (primary),482.500,0
proactive (primary),483.500,1
proactive (primary),484.500,1
proactive (primary),485.500,1
proactive (primary),486.500,0
proactive (primary),487.500,1
proactive (primary),488.500,1
proactive (primary),489.500,1
proactive (primary),490.500,1
proactive (primary),491.500,1
proactive (primary),492.500,0
proactive (primary),493.500,1
proactive (primary),494.500,1
proactive (primary),495.500,1
proactive (primary),496.500,1
proactive (primary),497.500,1
proactive (primary),498.500,0
proactive (primary),499.500,1
proactive (primary),500.500,1
proactive (primary),501.500,1
proactive (primary),502.500,1
proactive (primary),503.500,1
proactive (primary),504.500,1
proactive (primary),505.500,1
proactive (primary),506.500,1
proactive (primary),507.500,1
proactive (primary),508.500,1
proactive (primary),509.500,0
proactive (primary),510.500,1
proactive (primary),511.500,1
proactive (primary),512.500,1
proactive (primary),513.500,1
proactive (primary),514.500,0
proactive (primary),515.500,1
proactive (primary),516.500,1
proactive (primary),517.500,2
proactive (primary),518.500,0
proactive (primary),519.500,1
proactive (primary),520.500,1
proactive (primary),521.500,1
proactive (primary),522.500,1
proactive (primary),523.500,1
proactive (primary),524.500,1
proactive (primary),525.500,1
proactive (primary),526.500,1
proactive (primary),527.500,1
proactive (primary),528.500,0
proactive (primary),529.500,2
proactive (primary),530.500,1
proactive (primary),531.500,1
proactive (primary),532.500,1
proactive (primary),533.500,1
proactive (primary),534.500,1
proactive (primary),535.500,1
proactive (primary),536.500,1
proactive (primary),537.500,1
proactive (primary),538.500,1
proactive (primary),539.500,1
proactive (primary),540.500,1
proactive (primary),541.500,1
proactive (primary),542.500,1
proactive (primary),543.500,0
proactive (primary),544.500,1
proactive (primary),545.500,1
proactive (primary),546.500,1
proactive (primary),547.500,1
proactive (primary),548.500,1
proactive (primary),549.500,1
proactive (primary),550.500,1
proactive (primary),551.500,1
proactive (primary),552.500,1
proactive (primary),553.500,1
proactive (primary),554.500,1
proactive (primary),555.500,0
proactive (primary),556.500,1
proactive (primary),557.500,1
proactive (primary),558.500,1
proactive (primary),559.500,1
proactive (primary),560.500,1
proactive (primary),561.500,1
proactive (primary),562.500,0
proactive (primary),563.500,1
proactive (primary),564.500,1
proactive (primary),565.500,0
proactive (primary),566.500,1
proactive (primary),567.500,1
proactive (primary),568.500,1
proactive (primary),569.500,1
proactive (primary),570.500,0
proactive (primary),571.500,1
proactive (primary),572.500,1
proactive (primary),573.500,1
proactive (primary),574.500,1
proactive (primary),575.500,1
proactive (primary),576.500,1
proactive (primary),577.500,1
proactive (primary),578.500,0
proactive (primary),579.500,1
proactive (primary),580.500,1
proactive (primary),581.500,1
proactive (primary),582.500,1
proactive (primary),583.500,1
proactive (primary),584.500,0
proactive (primary),585.500,1
proactive (primary),586.500,1
